name,password,phoneNumber,nickname,birthdate,pin,realCardNumber,expirationYear,expirationMonth,cvc,creditPassword,diffCardNumber
김페이,Password123!,01011110001,김페이,20060325,123400,3562961000001271,28,05,331,00,5107379279973241
김페이,Password123!,01011110002,김페이,20060325,123400,3562961000001272,28,05,331,00,5107379279973142
김페이,Password123!,01011110003,김페이,20060325,123400,3562961000001273,28,05,331,00,5107379279973143
김페이,Password123!,01011110004,김페이,20060325,123400,3562961000001274,28,05,331,00,5107379279973144
김페이,Password123!,01011110005,김페이,20060325,123400,3562961000001275,28,05,331,00,5107379279973145
김페이,Password123!,01011110006,김페이,20060325,123400,3562961000001276,28,05,331,00,5107379279973146
김페이,Password123!,01011110007,김페이,20060325,123400,3562961000001277,28,05,331,00,5107379279973147
김페이,Password123!,01011110008,김페이,20060325,123400,3562961000001278,28,05,331,00,5107379279973148
김페이,Password123!,01011110009,김페이,20060325,123400,3562961000001279,28,05,331,00,5107379279973149
김페이,Password123!,01011110010,김페이,20060325,123400,3562961000001270,28,05,331,00,5107379279973150
김페이,Password123!,01011110011,김페이,20060325,123400,3562961000001281,28,05,331,00,5107379279973151
김페이,Password123!,01011110012,김페이,20060325,123400,3562961000001282,28,05,331,00,5107379279973152
김페이,Password123!,01011110013,김페이,20060325,123400,3562961000001283,28,05,331,00,5107379279973153
김페이,Password123!,01011110014,김페이,20060325,123400,3562961000001284,28,05,331,00,5107379279973154
김페이,Password123!,01011110015,김페이,20060325,123400,3562961000001285,28,05,331,00,5107379279973155
김페이,Password123!,01011110016,김페이,20060325,123400,3562961000001286,28,05,331,00,5107379279973156
김페이,Password123!,01011110017,김페이,20060325,123400,3562961000001287,28,05,331,00,5107379279973157
김페이,Password123!,01011110018,김페이,20060325,123400,3562961000001288,28,05,331,00,5107379279973158
김페이,Password123!,01011110019,김페이,20060325,123400,3562961000001289,28,05,331,00,5107379279973159
김페이,Password123!,01011110020,김페이,20060325,123400,3562961000001290,28,05,331,00,5107379279973160